video,id,category,category_code,nframes
/data/stars/user/yaowang/data/MUG/data/074/surprise/take001,74,surprise,6,61
/data/stars/user/yaowang/data/MUG/data/074/surprise/take000end,74,surprise,6,60
/data/stars/user/yaowang/data/MUG/data/074/surprise/take002,74,surprise,6,60
/data/stars/user/yaowang/data/MUG/data/074/happiness/take003,74,happiness,3,59
/data/stars/user/yaowang/data/MUG/data/074/happiness/take001end,74,happiness,3,59
/data/stars/user/yaowang/data/MUG/data/074/happiness/take000,74,happiness,3,58
/data/stars/user/yaowang/data/MUG/data/074/happiness/take005,74,happiness,3,59
/data/stars/user/yaowang/data/MUG/data/074/happiness/take004,74,happiness,3,56
/data/stars/user/yaowang/data/MUG/data/074/happiness/take002,74,happiness,3,59
/data/stars/user/yaowang/data/MUG/data/074/sadness/take001,74,sadness,5,79
/data/stars/user/yaowang/data/MUG/data/074/sadness/take002,74,sadness,5,75
/data/stars/user/yaowang/data/MUG/data/074/anger/take001,74,anger,0,74
/data/stars/user/yaowang/data/MUG/data/074/anger/take000,74,anger,0,84
/data/stars/user/yaowang/data/MUG/data/074/anger/take004,74,anger,0,94
/data/stars/user/yaowang/data/MUG/data/074/fear/take003,74,fear,2,62
/data/stars/user/yaowang/data/MUG/data/074/fear/take005end,74,fear,2,52
/data/stars/user/yaowang/data/MUG/data/074/fear/take006,74,fear,2,57
/data/stars/user/yaowang/data/MUG/data/074/fear/take004,74,fear,2,54
/data/stars/user/yaowang/data/MUG/data/017/surprise/take002,17,surprise,6,69
/data/stars/user/yaowang/data/MUG/data/017/happiness/take001,17,happiness,3,72
/data/stars/user/yaowang/data/MUG/data/017/happiness/take002,17,happiness,3,59
/data/stars/user/yaowang/data/MUG/data/017/happiness/take000,17,happiness,3,70
/data/stars/user/yaowang/data/MUG/data/017/sadness/take003end,17,sadness,5,66
/data/stars/user/yaowang/data/MUG/data/017/sadness/take002nsg,17,sadness,5,79
/data/stars/user/yaowang/data/MUG/data/017/anger/take003,17,anger,0,72
/data/stars/user/yaowang/data/MUG/data/017/anger/take002,17,anger,0,68
/data/stars/user/yaowang/data/MUG/data/017/fear/take001nsg,17,fear,2,76
/data/stars/user/yaowang/data/MUG/data/017/fear/take000nsg,17,fear,2,74
/data/stars/user/yaowang/data/MUG/data/017/fear/take002nsg,17,fear,2,70
/data/stars/user/yaowang/data/MUG/data/017/disgust/take001,17,disgust,1,60
/data/stars/user/yaowang/data/MUG/data/017/disgust/take002,17,disgust,1,58
/data/stars/user/yaowang/data/MUG/data/017/disgust/take000,17,disgust,1,66
/data/stars/user/yaowang/data/MUG/data/070/surprise/take003,70,surprise,6,65
/data/stars/user/yaowang/data/MUG/data/070/surprise/take001,70,surprise,6,56
/data/stars/user/yaowang/data/MUG/data/070/surprise/take002,70,surprise,6,47
/data/stars/user/yaowang/data/MUG/data/070/surprise/take000,70,surprise,6,51
/data/stars/user/yaowang/data/MUG/data/070/happiness/take001,70,happiness,3,52
/data/stars/user/yaowang/data/MUG/data/070/happiness/take000,70,happiness,3,50
/data/stars/user/yaowang/data/MUG/data/070/happiness/take002,70,happiness,3,51
/data/stars/user/yaowang/data/MUG/data/070/sadness/take001nsg,70,sadness,5,62
/data/stars/user/yaowang/data/MUG/data/070/sadness/take000nsg,70,sadness,5,58
/data/stars/user/yaowang/data/MUG/data/070/sadness/take002nsg,70,sadness,5,61
/data/stars/user/yaowang/data/MUG/data/070/anger/take000nsg,70,anger,0,56
/data/stars/user/yaowang/data/MUG/data/070/anger/take001nsg,70,anger,0,41
/data/stars/user/yaowang/data/MUG/data/070/anger/take002,70,anger,0,42
/data/stars/user/yaowang/data/MUG/data/070/fear/take002nsg,70,fear,2,44
/data/stars/user/yaowang/data/MUG/data/070/disgust/take000nsg,70,disgust,1,49
/data/stars/user/yaowang/data/MUG/data/070/disgust/take003nsg,70,disgust,1,49
/data/stars/user/yaowang/data/MUG/data/070/disgust/take001nsg,70,disgust,1,53
/data/stars/user/yaowang/data/MUG/data/039/sadness/take004,39,sadness,5,57
/data/stars/user/yaowang/data/MUG/data/039/anger/take001,39,anger,0,61
/data/stars/user/yaowang/data/MUG/data/039/anger/take002,39,anger,0,66
/data/stars/user/yaowang/data/MUG/data/039/anger/take000,39,anger,0,65
/data/stars/user/yaowang/data/MUG/data/039/fear/take001,39,fear,2,55
/data/stars/user/yaowang/data/MUG/data/039/fear/take000,39,fear,2,56
/data/stars/user/yaowang/data/MUG/data/039/surprise/take003nsg,39,surprise,6,52
/data/stars/user/yaowang/data/MUG/data/039/surprise/take002,39,surprise,6,53
/data/stars/user/yaowang/data/MUG/data/039/happiness/take001,39,happiness,3,50
/data/stars/user/yaowang/data/MUG/data/039/happiness/take002,39,happiness,3,51
/data/stars/user/yaowang/data/MUG/data/039/happiness/take000,39,happiness,3,49
/data/stars/user/yaowang/data/MUG/data/039/disgust/take001,39,disgust,1,60
/data/stars/user/yaowang/data/MUG/data/039/disgust/take002,39,disgust,1,65
/data/stars/user/yaowang/data/MUG/data/039/disgust/take000,39,disgust,1,64
/data/stars/user/yaowang/data/MUG/data/036/sadness/take003nsg,36,sadness,5,100
/data/stars/user/yaowang/data/MUG/data/036/sadness/take001,36,sadness,5,71
/data/stars/user/yaowang/data/MUG/data/036/sadness/take002nsg,36,sadness,5,79
/data/stars/user/yaowang/data/MUG/data/036/anger/take003,36,anger,0,85
/data/stars/user/yaowang/data/MUG/data/036/anger/take001,36,anger,0,75
/data/stars/user/yaowang/data/MUG/data/036/anger/take002,36,anger,0,100
/data/stars/user/yaowang/data/MUG/data/036/anger/take004,36,anger,0,92
/data/stars/user/yaowang/data/MUG/data/036/anger/take005,36,anger,0,97
/data/stars/user/yaowang/data/MUG/data/036/fear/take003,36,fear,2,70
/data/stars/user/yaowang/data/MUG/data/036/fear/take001,36,fear,2,66
/data/stars/user/yaowang/data/MUG/data/036/fear/take000,36,fear,2,66
/data/stars/user/yaowang/data/MUG/data/036/surprise/take003,36,surprise,6,69
/data/stars/user/yaowang/data/MUG/data/036/surprise/take001end,36,surprise,6,55
/data/stars/user/yaowang/data/MUG/data/036/surprise/take002,36,surprise,6,54
/data/stars/user/yaowang/data/MUG/data/036/surprise/take004,36,surprise,6,57
/data/stars/user/yaowang/data/MUG/data/036/happiness/take001,36,happiness,3,55
/data/stars/user/yaowang/data/MUG/data/036/happiness/take000end,36,happiness,3,58
/data/stars/user/yaowang/data/MUG/data/036/happiness/take002,36,happiness,3,107
/data/stars/user/yaowang/data/MUG/data/036/disgust/take001,36,disgust,1,80
/data/stars/user/yaowang/data/MUG/data/036/disgust/take000,36,disgust,1,62
/data/stars/user/yaowang/data/MUG/data/048/sadness/take001,48,sadness,5,94
/data/stars/user/yaowang/data/MUG/data/048/sadness/take000,48,sadness,5,112
/data/stars/user/yaowang/data/MUG/data/048/sadness/take002,48,sadness,5,104
/data/stars/user/yaowang/data/MUG/data/048/anger/take001,48,anger,0,95
/data/stars/user/yaowang/data/MUG/data/048/anger/take002,48,anger,0,104
/data/stars/user/yaowang/data/MUG/data/048/anger/take000,48,anger,0,81
/data/stars/user/yaowang/data/MUG/data/048/fear/take001,48,fear,2,113
/data/stars/user/yaowang/data/MUG/data/048/fear/take002,48,fear,2,110
/data/stars/user/yaowang/data/MUG/data/048/fear/take000,48,fear,2,112
/data/stars/user/yaowang/data/MUG/data/048/surprise/take003,48,surprise,6,103
/data/stars/user/yaowang/data/MUG/data/048/surprise/take001,48,surprise,6,97
/data/stars/user/yaowang/data/MUG/data/048/surprise/take000,48,surprise,6,98
/data/stars/user/yaowang/data/MUG/data/048/surprise/take002,48,surprise,6,89
/data/stars/user/yaowang/data/MUG/data/048/happiness/take003,48,happiness,3,92
/data/stars/user/yaowang/data/MUG/data/048/happiness/take001,48,happiness,3,20
/data/stars/user/yaowang/data/MUG/data/048/happiness/take002,48,happiness,3,82
/data/stars/user/yaowang/data/MUG/data/048/happiness/take000,48,happiness,3,75
/data/stars/user/yaowang/data/MUG/data/048/disgust/take001,48,disgust,1,111
/data/stars/user/yaowang/data/MUG/data/048/disgust/take000,48,disgust,1,87
/data/stars/user/yaowang/data/MUG/data/048/disgust/take002nsg,48,disgust,1,94
/data/stars/user/yaowang/data/MUG/data/027/surprise/take001,27,surprise,6,44
/data/stars/user/yaowang/data/MUG/data/027/surprise/take002,27,surprise,6,46
/data/stars/user/yaowang/data/MUG/data/027/surprise/take000,27,surprise,6,47
/data/stars/user/yaowang/data/MUG/data/027/happiness/take001,27,happiness,3,40
/data/stars/user/yaowang/data/MUG/data/027/happiness/take002,27,happiness,3,46
/data/stars/user/yaowang/data/MUG/data/027/happiness/take000,27,happiness,3,52
/data/stars/user/yaowang/data/MUG/data/027/sadness/take001nsg,27,sadness,5,48
/data/stars/user/yaowang/data/MUG/data/027/sadness/take000nsg,27,sadness,5,77
/data/stars/user/yaowang/data/MUG/data/027/anger/take001,27,anger,0,62
/data/stars/user/yaowang/data/MUG/data/027/anger/take000,27,anger,0,70
/data/stars/user/yaowang/data/MUG/data/027/anger/take002,27,anger,0,74
/data/stars/user/yaowang/data/MUG/data/027/fear/take001nsg,27,fear,2,53
/data/stars/user/yaowang/data/MUG/data/027/fear/take000nsg,27,fear,2,66
/data/stars/user/yaowang/data/MUG/data/027/fear/take002,27,fear,2,44
/data/stars/user/yaowang/data/MUG/data/027/disgust/take001,27,disgust,1,60
/data/stars/user/yaowang/data/MUG/data/027/disgust/take000,27,disgust,1,59
/data/stars/user/yaowang/data/MUG/data/027/disgust/take002,27,disgust,1,60
/data/stars/user/yaowang/data/MUG/data/002/session0/sadness/take003,2,sadness,5,99
/data/stars/user/yaowang/data/MUG/data/002/session0/sadness/take007,2,sadness,5,109
/data/stars/user/yaowang/data/MUG/data/002/session0/sadness/take001,2,sadness,5,110
/data/stars/user/yaowang/data/MUG/data/002/session0/sadness/take000,2,sadness,5,102
/data/stars/user/yaowang/data/MUG/data/002/session0/sadness/take006,2,sadness,5,104
/data/stars/user/yaowang/data/MUG/data/002/session0/sadness/take004,2,sadness,5,112
/data/stars/user/yaowang/data/MUG/data/002/session0/sadness/take002,2,sadness,5,126
/data/stars/user/yaowang/data/MUG/data/002/session0/anger/take000end,2,anger,0,84
/data/stars/user/yaowang/data/MUG/data/002/session0/anger/take003,2,anger,0,87
/data/stars/user/yaowang/data/MUG/data/002/session0/anger/take001,2,anger,0,94
/data/stars/user/yaowang/data/MUG/data/002/session0/anger/take004,2,anger,0,108
/data/stars/user/yaowang/data/MUG/data/002/session0/fear/take001,2,fear,2,122
/data/stars/user/yaowang/data/MUG/data/002/session0/fear/take002,2,fear,2,131
/data/stars/user/yaowang/data/MUG/data/002/session0/fear/take000,2,fear,2,97
/data/stars/user/yaowang/data/MUG/data/002/session0/surprise/take007,2,surprise,6,87
/data/stars/user/yaowang/data/MUG/data/002/session0/surprise/take001,2,surprise,6,88
/data/stars/user/yaowang/data/MUG/data/002/session0/surprise/take006,2,surprise,6,121
/data/stars/user/yaowang/data/MUG/data/002/session0/surprise/take002,2,surprise,6,118
/data/stars/user/yaowang/data/MUG/data/002/session0/surprise/take000,2,surprise,6,87
/data/stars/user/yaowang/data/MUG/data/002/session0/surprise/take004,2,surprise,6,97
/data/stars/user/yaowang/data/MUG/data/002/session0/happiness/take001,2,happiness,3,88
/data/stars/user/yaowang/data/MUG/data/002/session0/happiness/take002,2,happiness,3,85
/data/stars/user/yaowang/data/MUG/data/002/session0/happiness/take000,2,happiness,3,104
/data/stars/user/yaowang/data/MUG/data/002/session0/disgust/take003,2,disgust,1,85
/data/stars/user/yaowang/data/MUG/data/002/session0/disgust/take000,2,disgust,1,74
/data/stars/user/yaowang/data/MUG/data/002/session0/disgust/take002,2,disgust,1,71
/data/stars/user/yaowang/data/MUG/data/002/session1/sadness/take001,2,sadness,5,130
/data/stars/user/yaowang/data/MUG/data/002/session1/sadness/take000,2,sadness,5,83
/data/stars/user/yaowang/data/MUG/data/002/session1/anger/take000,2,anger,0,85
/data/stars/user/yaowang/data/MUG/data/002/session1/fear/take000,2,fear,2,109
/data/stars/user/yaowang/data/MUG/data/002/session1/surprise/take000,2,surprise,6,94
/data/stars/user/yaowang/data/MUG/data/002/session1/happiness/take000,2,happiness,3,163
/data/stars/user/yaowang/data/MUG/data/002/session1/disgust/take000,2,disgust,1,115
/data/stars/user/yaowang/data/MUG/data/045/surprise/take000end,45,surprise,6,60
/data/stars/user/yaowang/data/MUG/data/045/surprise/take003nsg,45,surprise,6,78
/data/stars/user/yaowang/data/MUG/data/045/surprise/take001,45,surprise,6,61
/data/stars/user/yaowang/data/MUG/data/045/surprise/take002,45,surprise,6,74
/data/stars/user/yaowang/data/MUG/data/045/happiness/take003,45,happiness,3,80
/data/stars/user/yaowang/data/MUG/data/045/happiness/take002end,45,happiness,3,91
/data/stars/user/yaowang/data/MUG/data/045/happiness/take001,45,happiness,3,83
/data/stars/user/yaowang/data/MUG/data/045/happiness/take000,45,happiness,3,76
/data/stars/user/yaowang/data/MUG/data/045/sadness/take003,45,sadness,5,73
/data/stars/user/yaowang/data/MUG/data/045/sadness/take001nsg,45,sadness,5,85
/data/stars/user/yaowang/data/MUG/data/045/sadness/take000nsg,45,sadness,5,78
/data/stars/user/yaowang/data/MUG/data/045/sadness/take002,45,sadness,5,77
/data/stars/user/yaowang/data/MUG/data/045/anger/take000end,45,anger,0,68
/data/stars/user/yaowang/data/MUG/data/045/anger/take003,45,anger,0,69
/data/stars/user/yaowang/data/MUG/data/045/anger/take001nsg,45,anger,0,78
/data/stars/user/yaowang/data/MUG/data/045/anger/take002,45,anger,0,116
/data/stars/user/yaowang/data/MUG/data/045/disgust/take000,45,disgust,1,76
/data/stars/user/yaowang/data/MUG/data/045/disgust/take001nsg,45,disgust,1,110
/data/stars/user/yaowang/data/MUG/data/045/disgust/take002nsg,45,disgust,1,90
/data/stars/user/yaowang/data/MUG/data/064/anger/take003,64,anger,0,68
/data/stars/user/yaowang/data/MUG/data/064/anger/take001,64,anger,0,56
/data/stars/user/yaowang/data/MUG/data/064/anger/take002,64,anger,0,80
/data/stars/user/yaowang/data/MUG/data/064/anger/take000,64,anger,0,57
/data/stars/user/yaowang/data/MUG/data/064/surprise/take001,64,surprise,6,61
/data/stars/user/yaowang/data/MUG/data/064/surprise/take000,64,surprise,6,83
/data/stars/user/yaowang/data/MUG/data/064/surprise/take002,64,surprise,6,75
/data/stars/user/yaowang/data/MUG/data/064/happiness/take001,64,happiness,3,59
/data/stars/user/yaowang/data/MUG/data/064/happiness/take000,64,happiness,3,52
/data/stars/user/yaowang/data/MUG/data/064/happiness/take002,64,happiness,3,63
/data/stars/user/yaowang/data/MUG/data/064/disgust/take003nsg,64,disgust,1,70
/data/stars/user/yaowang/data/MUG/data/064/disgust/take001nsg,64,disgust,1,75
/data/stars/user/yaowang/data/MUG/data/064/disgust/take002nsg,64,disgust,1,82
/data/stars/user/yaowang/data/MUG/data/033/surprise/take003,33,surprise,6,90
/data/stars/user/yaowang/data/MUG/data/033/surprise/take004nsg,33,surprise,6,117
/data/stars/user/yaowang/data/MUG/data/033/surprise/take005,33,surprise,6,97
/data/stars/user/yaowang/data/MUG/data/033/surprise/take002,33,surprise,6,78
/data/stars/user/yaowang/data/MUG/data/033/happiness/take003,33,happiness,3,118
/data/stars/user/yaowang/data/MUG/data/033/happiness/take001,33,happiness,3,84
/data/stars/user/yaowang/data/MUG/data/033/happiness/take002,33,happiness,3,107
/data/stars/user/yaowang/data/MUG/data/033/happiness/take000,33,happiness,3,73
/data/stars/user/yaowang/data/MUG/data/033/sadness/take003,33,sadness,5,71
/data/stars/user/yaowang/data/MUG/data/033/sadness/take001nsg,33,sadness,5,121
/data/stars/user/yaowang/data/MUG/data/033/sadness/take006,33,sadness,5,76
/data/stars/user/yaowang/data/MUG/data/033/sadness/take005,33,sadness,5,119
/data/stars/user/yaowang/data/MUG/data/033/sadness/take004,33,sadness,5,92
/data/stars/user/yaowang/data/MUG/data/033/anger/take003,33,anger,0,91
/data/stars/user/yaowang/data/MUG/data/033/anger/take001,33,anger,0,59
/data/stars/user/yaowang/data/MUG/data/033/anger/take000,33,anger,0,66
/data/stars/user/yaowang/data/MUG/data/033/anger/take002,33,anger,0,100
/data/stars/user/yaowang/data/MUG/data/033/fear/take000nsg,33,fear,2,75
/data/stars/user/yaowang/data/MUG/data/033/fear/take004nsg,33,fear,2,90
/data/stars/user/yaowang/data/MUG/data/033/fear/take002nsg,33,fear,2,92
/data/stars/user/yaowang/data/MUG/data/033/disgust/take001,33,disgust,1,87
/data/stars/user/yaowang/data/MUG/data/033/disgust/take002,33,disgust,1,85
/data/stars/user/yaowang/data/MUG/data/033/disgust/take000,33,disgust,1,77
/data/stars/user/yaowang/data/MUG/data/007/sadness/take000nsg,7,sadness,5,64
/data/stars/user/yaowang/data/MUG/data/007/sadness/take001,7,sadness,5,59
/data/stars/user/yaowang/data/MUG/data/007/sadness/take002,7,sadness,5,71
/data/stars/user/yaowang/data/MUG/data/007/anger/take001,7,anger,0,61
/data/stars/user/yaowang/data/MUG/data/007/anger/take000,7,anger,0,54
/data/stars/user/yaowang/data/MUG/data/007/anger/take002,7,anger,0,54
/data/stars/user/yaowang/data/MUG/data/007/fear/take000,7,fear,2,85
/data/stars/user/yaowang/data/MUG/data/007/fear/take001nsg,7,fear,2,78
/data/stars/user/yaowang/data/MUG/data/007/fear/take002,7,fear,2,41
/data/stars/user/yaowang/data/MUG/data/007/surprise/take001,7,surprise,6,66
/data/stars/user/yaowang/data/MUG/data/007/surprise/take002,7,surprise,6,52
/data/stars/user/yaowang/data/MUG/data/007/surprise/take000,7,surprise,6,63
/data/stars/user/yaowang/data/MUG/data/007/happiness/take001,7,happiness,3,76
/data/stars/user/yaowang/data/MUG/data/007/happiness/take000,7,happiness,3,68
/data/stars/user/yaowang/data/MUG/data/007/happiness/take002,7,happiness,3,78
/data/stars/user/yaowang/data/MUG/data/007/disgust/take003,7,disgust,1,59
/data/stars/user/yaowang/data/MUG/data/007/disgust/take001,7,disgust,1,54
/data/stars/user/yaowang/data/MUG/data/007/disgust/take000,7,disgust,1,56
/data/stars/user/yaowang/data/MUG/data/031/surprise/take001nsg,31,surprise,6,79
/data/stars/user/yaowang/data/MUG/data/031/surprise/take000,31,surprise,6,57
/data/stars/user/yaowang/data/MUG/data/031/happiness/take001,31,happiness,3,75
/data/stars/user/yaowang/data/MUG/data/031/happiness/take000,31,happiness,3,71
/data/stars/user/yaowang/data/MUG/data/031/happiness/take002,31,happiness,3,72
/data/stars/user/yaowang/data/MUG/data/031/sadness/take001,31,sadness,5,60
/data/stars/user/yaowang/data/MUG/data/031/sadness/take002,31,sadness,5,77
/data/stars/user/yaowang/data/MUG/data/031/sadness/take000,31,sadness,5,68
/data/stars/user/yaowang/data/MUG/data/031/anger/take001,31,anger,0,37
/data/stars/user/yaowang/data/MUG/data/031/anger/take002,31,anger,0,69
/data/stars/user/yaowang/data/MUG/data/031/anger/take000,31,anger,0,41
/data/stars/user/yaowang/data/MUG/data/031/fear/take003,31,fear,2,48
/data/stars/user/yaowang/data/MUG/data/031/fear/take001,31,fear,2,43
/data/stars/user/yaowang/data/MUG/data/031/fear/take005,31,fear,2,62
/data/stars/user/yaowang/data/MUG/data/031/fear/take004,31,fear,2,52
/data/stars/user/yaowang/data/MUG/data/031/fear/take002,31,fear,2,47
/data/stars/user/yaowang/data/MUG/data/031/disgust/take002,31,disgust,1,64
/data/stars/user/yaowang/data/MUG/data/031/disgust/take000,31,disgust,1,57
/data/stars/user/yaowang/data/MUG/data/055/surprise/take003,55,surprise,6,66
/data/stars/user/yaowang/data/MUG/data/055/surprise/take001,55,surprise,6,71
/data/stars/user/yaowang/data/MUG/data/055/surprise/take002,55,surprise,6,80
/data/stars/user/yaowang/data/MUG/data/055/surprise/take004,55,surprise,6,75
/data/stars/user/yaowang/data/MUG/data/055/happiness/take001,55,happiness,3,75
/data/stars/user/yaowang/data/MUG/data/055/happiness/take002,55,happiness,3,82
/data/stars/user/yaowang/data/MUG/data/055/happiness/take000,55,happiness,3,60
/data/stars/user/yaowang/data/MUG/data/055/sadness/take003,55,sadness,5,75
/data/stars/user/yaowang/data/MUG/data/055/sadness/take001,55,sadness,5,81
/data/stars/user/yaowang/data/MUG/data/055/sadness/take002,55,sadness,5,73
/data/stars/user/yaowang/data/MUG/data/055/anger/take003,55,anger,0,81
/data/stars/user/yaowang/data/MUG/data/055/anger/take000,55,anger,0,68
/data/stars/user/yaowang/data/MUG/data/055/fear/take003nsg,55,fear,2,68
/data/stars/user/yaowang/data/MUG/data/055/fear/take004nsg,55,fear,2,72
/data/stars/user/yaowang/data/MUG/data/055/disgust/take003,55,disgust,1,59
/data/stars/user/yaowang/data/MUG/data/055/disgust/take004nsg,55,disgust,1,58
/data/stars/user/yaowang/data/MUG/data/055/disgust/take005nsg,55,disgust,1,78
/data/stars/user/yaowang/data/MUG/data/055/disgust/take002,55,disgust,1,78
/data/stars/user/yaowang/data/MUG/data/078/sadness/take003,78,sadness,5,79
/data/stars/user/yaowang/data/MUG/data/078/sadness/take001end,78,sadness,5,73
/data/stars/user/yaowang/data/MUG/data/078/sadness/take002,78,sadness,5,96
/data/stars/user/yaowang/data/MUG/data/078/anger/take001,78,anger,0,94
/data/stars/user/yaowang/data/MUG/data/078/anger/take000,78,anger,0,98
/data/stars/user/yaowang/data/MUG/data/078/anger/take002,78,anger,0,88
/data/stars/user/yaowang/data/MUG/data/078/fear/take001,78,fear,2,78
/data/stars/user/yaowang/data/MUG/data/078/fear/take002,78,fear,2,82
/data/stars/user/yaowang/data/MUG/data/078/surprise/take003,78,surprise,6,76
/data/stars/user/yaowang/data/MUG/data/078/surprise/take004,78,surprise,6,83
/data/stars/user/yaowang/data/MUG/data/078/happiness/take003,78,happiness,3,96
/data/stars/user/yaowang/data/MUG/data/078/happiness/take001,78,happiness,3,68
/data/stars/user/yaowang/data/MUG/data/078/happiness/take000,78,happiness,3,73
/data/stars/user/yaowang/data/MUG/data/078/happiness/take002,78,happiness,3,82
/data/stars/user/yaowang/data/MUG/data/078/disgust/take003,78,disgust,1,65
/data/stars/user/yaowang/data/MUG/data/078/disgust/take001,78,disgust,1,67
/data/stars/user/yaowang/data/MUG/data/078/disgust/take002,78,disgust,1,66
/data/stars/user/yaowang/data/MUG/data/061/surprise/take003nsg,61,surprise,6,52
/data/stars/user/yaowang/data/MUG/data/061/surprise/take001,61,surprise,6,53
/data/stars/user/yaowang/data/MUG/data/061/surprise/take004nsg,61,surprise,6,54
/data/stars/user/yaowang/data/MUG/data/061/surprise/take002,61,surprise,6,64
/data/stars/user/yaowang/data/MUG/data/061/surprise/take000,61,surprise,6,63
/data/stars/user/yaowang/data/MUG/data/061/happiness/take003,61,happiness,3,68
/data/stars/user/yaowang/data/MUG/data/061/sadness/take001,61,sadness,5,69
/data/stars/user/yaowang/data/MUG/data/061/sadness/take000,61,sadness,5,56
/data/stars/user/yaowang/data/MUG/data/061/anger/take003,61,anger,0,59
/data/stars/user/yaowang/data/MUG/data/061/fear/take003,61,fear,2,70
/data/stars/user/yaowang/data/MUG/data/061/fear/take001,61,fear,2,57
/data/stars/user/yaowang/data/MUG/data/061/fear/take000,61,fear,2,55
/data/stars/user/yaowang/data/MUG/data/061/fear/take005,61,fear,2,71
/data/stars/user/yaowang/data/MUG/data/061/fear/take002,61,fear,2,58
/data/stars/user/yaowang/data/MUG/data/061/disgust/take005,61,disgust,1,60
/data/stars/user/yaowang/data/MUG/data/030/surprise/take000nsg,30,surprise,6,56
/data/stars/user/yaowang/data/MUG/data/030/surprise/take001,30,surprise,6,71
/data/stars/user/yaowang/data/MUG/data/030/happiness/take003,30,happiness,3,68
/data/stars/user/yaowang/data/MUG/data/030/happiness/take002end,30,happiness,3,56
/data/stars/user/yaowang/data/MUG/data/030/happiness/take001,30,happiness,3,64
/data/stars/user/yaowang/data/MUG/data/030/happiness/take000end,30,happiness,3,96
/data/stars/user/yaowang/data/MUG/data/030/sadness/take001,30,sadness,5,62
/data/stars/user/yaowang/data/MUG/data/030/sadness/take000,30,sadness,5,58
/data/stars/user/yaowang/data/MUG/data/030/sadness/take002,30,sadness,5,59
/data/stars/user/yaowang/data/MUG/data/030/anger/take003,30,anger,0,71
/data/stars/user/yaowang/data/MUG/data/030/anger/take001,30,anger,0,58
/data/stars/user/yaowang/data/MUG/data/030/anger/take000,30,anger,0,40
/data/stars/user/yaowang/data/MUG/data/030/anger/take004,30,anger,0,66
/data/stars/user/yaowang/data/MUG/data/030/anger/take002,30,anger,0,101
/data/stars/user/yaowang/data/MUG/data/030/fear/take003,30,fear,2,67
/data/stars/user/yaowang/data/MUG/data/030/fear/take001,30,fear,2,66
/data/stars/user/yaowang/data/MUG/data/030/fear/take000end,30,fear,2,76
/data/stars/user/yaowang/data/MUG/data/030/fear/take002,30,fear,2,65
/data/stars/user/yaowang/data/MUG/data/030/disgust/take000nsg,30,disgust,1,53
/data/stars/user/yaowang/data/MUG/data/030/disgust/take001nsg,30,disgust,1,58
/data/stars/user/yaowang/data/MUG/data/030/disgust/take002,30,disgust,1,62
/data/stars/user/yaowang/data/MUG/data/079/sadness/take003,79,sadness,5,99
/data/stars/user/yaowang/data/MUG/data/079/sadness/take002,79,sadness,5,87
/data/stars/user/yaowang/data/MUG/data/079/anger/take003,79,anger,0,91
/data/stars/user/yaowang/data/MUG/data/079/anger/take004nsg,79,anger,0,94
/data/stars/user/yaowang/data/MUG/data/079/anger/take005,79,anger,0,95
/data/stars/user/yaowang/data/MUG/data/079/fear/take003,79,fear,2,73
/data/stars/user/yaowang/data/MUG/data/079/fear/take004,79,fear,2,75
/data/stars/user/yaowang/data/MUG/data/079/surprise/take007,79,surprise,6,75
/data/stars/user/yaowang/data/MUG/data/079/surprise/take000,79,surprise,6,65
/data/stars/user/yaowang/data/MUG/data/079/surprise/take005,79,surprise,6,67
/data/stars/user/yaowang/data/MUG/data/079/happiness/take003,79,happiness,3,85
/data/stars/user/yaowang/data/MUG/data/079/happiness/take002end,79,happiness,3,61
/data/stars/user/yaowang/data/MUG/data/079/happiness/take001,79,happiness,3,80
/data/stars/user/yaowang/data/MUG/data/079/happiness/take004,79,happiness,3,100
/data/stars/user/yaowang/data/MUG/data/079/disgust/take003,79,disgust,1,71
/data/stars/user/yaowang/data/MUG/data/079/disgust/take002,79,disgust,1,67
/data/stars/user/yaowang/data/MUG/data/072/surprise/take001,72,surprise,6,73
/data/stars/user/yaowang/data/MUG/data/072/happiness/take001,72,happiness,3,87
/data/stars/user/yaowang/data/MUG/data/072/happiness/take000,72,happiness,3,71
/data/stars/user/yaowang/data/MUG/data/072/happiness/take004,72,happiness,3,55
/data/stars/user/yaowang/data/MUG/data/072/sadness/take001,72,sadness,5,69
/data/stars/user/yaowang/data/MUG/data/072/sadness/take000,72,sadness,5,87
/data/stars/user/yaowang/data/MUG/data/072/anger/take003,72,anger,0,89
/data/stars/user/yaowang/data/MUG/data/072/anger/take001nsg,72,anger,0,55
/data/stars/user/yaowang/data/MUG/data/072/anger/take002nsg,72,anger,0,71
/data/stars/user/yaowang/data/MUG/data/072/disgust/take003,72,disgust,1,75
/data/stars/user/yaowang/data/MUG/data/072/disgust/take001nsg,72,disgust,1,96
/data/stars/user/yaowang/data/MUG/data/072/disgust/take002,72,disgust,1,80
/data/stars/user/yaowang/data/MUG/data/001/surprise/take003,1,surprise,6,63
/data/stars/user/yaowang/data/MUG/data/001/surprise/take001,1,surprise,6,78
/data/stars/user/yaowang/data/MUG/data/001/surprise/take002,1,surprise,6,88
/data/stars/user/yaowang/data/MUG/data/001/surprise/take000,1,surprise,6,64
/data/stars/user/yaowang/data/MUG/data/001/surprise/take004,1,surprise,6,68
/data/stars/user/yaowang/data/MUG/data/001/happiness/take003,1,happiness,3,71
/data/stars/user/yaowang/data/MUG/data/001/happiness/take001,1,happiness,3,95
/data/stars/user/yaowang/data/MUG/data/001/happiness/take000,1,happiness,3,71
/data/stars/user/yaowang/data/MUG/data/001/happiness/take005,1,happiness,3,71
/data/stars/user/yaowang/data/MUG/data/001/happiness/take004,1,happiness,3,75
/data/stars/user/yaowang/data/MUG/data/001/happiness/take002,1,happiness,3,96
/data/stars/user/yaowang/data/MUG/data/001/sadness/take006nsg,1,sadness,5,92
/data/stars/user/yaowang/data/MUG/data/001/sadness/take007nsg,1,sadness,5,96
/data/stars/user/yaowang/data/MUG/data/001/sadness/take004nsg,1,sadness,5,73
/data/stars/user/yaowang/data/MUG/data/001/anger/take003,1,anger,0,96
/data/stars/user/yaowang/data/MUG/data/001/anger/take001,1,anger,0,78
/data/stars/user/yaowang/data/MUG/data/001/anger/take002,1,anger,0,64
/data/stars/user/yaowang/data/MUG/data/001/anger/take000,1,anger,0,68
/data/stars/user/yaowang/data/MUG/data/001/fear/take003nsg,1,fear,2,92
/data/stars/user/yaowang/data/MUG/data/001/fear/take002nsg,1,fear,2,77
/data/stars/user/yaowang/data/MUG/data/001/disgust/take003nsg,1,disgust,1,68
/data/stars/user/yaowang/data/MUG/data/001/disgust/take001,1,disgust,1,86
/data/stars/user/yaowang/data/MUG/data/001/disgust/take000,1,disgust,1,94
/data/stars/user/yaowang/data/MUG/data/001/disgust/take004,1,disgust,1,71
/data/stars/user/yaowang/data/MUG/data/001/disgust/take002nsg,1,disgust,1,91
/data/stars/user/yaowang/data/MUG/data/020/sadness/take001,20,sadness,5,72
/data/stars/user/yaowang/data/MUG/data/020/sadness/take000,20,sadness,5,68
/data/stars/user/yaowang/data/MUG/data/020/sadness/take002,20,sadness,5,76
/data/stars/user/yaowang/data/MUG/data/020/anger/take003,20,anger,0,85
/data/stars/user/yaowang/data/MUG/data/020/anger/take000,20,anger,0,53
/data/stars/user/yaowang/data/MUG/data/020/anger/take002,20,anger,0,85
/data/stars/user/yaowang/data/MUG/data/020/fear/take001,20,fear,2,72
/data/stars/user/yaowang/data/MUG/data/020/fear/take000,20,fear,2,70
/data/stars/user/yaowang/data/MUG/data/020/fear/take002,20,fear,2,64
/data/stars/user/yaowang/data/MUG/data/020/surprise/take001,20,surprise,6,65
/data/stars/user/yaowang/data/MUG/data/020/surprise/take000,20,surprise,6,50
/data/stars/user/yaowang/data/MUG/data/020/surprise/take002,20,surprise,6,60
/data/stars/user/yaowang/data/MUG/data/020/happiness/take001,20,happiness,3,66
/data/stars/user/yaowang/data/MUG/data/020/happiness/take002,20,happiness,3,68
/data/stars/user/yaowang/data/MUG/data/020/happiness/take000,20,happiness,3,89
/data/stars/user/yaowang/data/MUG/data/020/disgust/take001,20,disgust,1,65
/data/stars/user/yaowang/data/MUG/data/020/disgust/take000,20,disgust,1,66
/data/stars/user/yaowang/data/MUG/data/020/disgust/take002,20,disgust,1,75
/data/stars/user/yaowang/data/MUG/data/008/surprise/take001,8,surprise,6,75
/data/stars/user/yaowang/data/MUG/data/008/surprise/take002,8,surprise,6,82
/data/stars/user/yaowang/data/MUG/data/008/surprise/take000,8,surprise,6,111
/data/stars/user/yaowang/data/MUG/data/008/happiness/take001,8,happiness,3,78
/data/stars/user/yaowang/data/MUG/data/008/happiness/take002,8,happiness,3,74
/data/stars/user/yaowang/data/MUG/data/008/happiness/take000,8,happiness,3,80
/data/stars/user/yaowang/data/MUG/data/008/sadness/take000,8,sadness,5,95
/data/stars/user/yaowang/data/MUG/data/008/sadness/take002,8,sadness,5,82
/data/stars/user/yaowang/data/MUG/data/008/anger/take001,8,anger,0,75
/data/stars/user/yaowang/data/MUG/data/008/anger/take000,8,anger,0,76
/data/stars/user/yaowang/data/MUG/data/008/anger/take002,8,anger,0,81
/data/stars/user/yaowang/data/MUG/data/008/fear/take001,8,fear,2,71
/data/stars/user/yaowang/data/MUG/data/008/fear/take002,8,fear,2,78
/data/stars/user/yaowang/data/MUG/data/008/fear/take000,8,fear,2,77
/data/stars/user/yaowang/data/MUG/data/008/disgust/take001,8,disgust,1,79
/data/stars/user/yaowang/data/MUG/data/008/disgust/take002,8,disgust,1,74
/data/stars/user/yaowang/data/MUG/data/008/disgust/take000,8,disgust,1,65
/data/stars/user/yaowang/data/MUG/data/082/sadness/take000nsg,82,sadness,5,114
/data/stars/user/yaowang/data/MUG/data/082/sadness/take004nsg,82,sadness,5,90
/data/stars/user/yaowang/data/MUG/data/082/anger/take001,82,anger,0,82
/data/stars/user/yaowang/data/MUG/data/082/anger/take002,82,anger,0,99
/data/stars/user/yaowang/data/MUG/data/082/anger/take000,82,anger,0,103
/data/stars/user/yaowang/data/MUG/data/082/fear/take003,82,fear,2,113
/data/stars/user/yaowang/data/MUG/data/082/fear/take000,82,fear,2,93
/data/stars/user/yaowang/data/MUG/data/082/fear/take002nsg,82,fear,2,115
/data/stars/user/yaowang/data/MUG/data/082/surprise/take001,82,surprise,6,94
/data/stars/user/yaowang/data/MUG/data/082/surprise/take002,82,surprise,6,130
/data/stars/user/yaowang/data/MUG/data/082/surprise/take000,82,surprise,6,93
/data/stars/user/yaowang/data/MUG/data/082/happiness/take001,82,happiness,3,97
/data/stars/user/yaowang/data/MUG/data/082/happiness/take000,82,happiness,3,82
/data/stars/user/yaowang/data/MUG/data/082/happiness/take004,82,happiness,3,75
/data/stars/user/yaowang/data/MUG/data/082/happiness/take002,82,happiness,3,81
/data/stars/user/yaowang/data/MUG/data/082/disgust/take001,82,disgust,1,69
/data/stars/user/yaowang/data/MUG/data/082/disgust/take000,82,disgust,1,89
/data/stars/user/yaowang/data/MUG/data/082/disgust/take002nsg,82,disgust,1,96
/data/stars/user/yaowang/data/MUG/data/010/sadness/take003,10,sadness,5,44
/data/stars/user/yaowang/data/MUG/data/010/sadness/take001,10,sadness,5,75
/data/stars/user/yaowang/data/MUG/data/010/sadness/take000,10,sadness,5,52
/data/stars/user/yaowang/data/MUG/data/010/anger/take001,10,anger,0,52
/data/stars/user/yaowang/data/MUG/data/010/anger/take000,10,anger,0,57
/data/stars/user/yaowang/data/MUG/data/010/anger/take002,10,anger,0,48
/data/stars/user/yaowang/data/MUG/data/010/fear/take001,10,fear,2,48
/data/stars/user/yaowang/data/MUG/data/010/fear/take002,10,fear,2,36
/data/stars/user/yaowang/data/MUG/data/010/fear/take000,10,fear,2,38
/data/stars/user/yaowang/data/MUG/data/010/surprise/take001,10,surprise,6,38
/data/stars/user/yaowang/data/MUG/data/010/surprise/take000,10,surprise,6,53
/data/stars/user/yaowang/data/MUG/data/010/surprise/take002,10,surprise,6,36
/data/stars/user/yaowang/data/MUG/data/010/happiness/take001,10,happiness,3,51
/data/stars/user/yaowang/data/MUG/data/010/happiness/take000,10,happiness,3,55
/data/stars/user/yaowang/data/MUG/data/010/happiness/take002,10,happiness,3,48
/data/stars/user/yaowang/data/MUG/data/010/disgust/take001,10,disgust,1,50
/data/stars/user/yaowang/data/MUG/data/010/disgust/take000,10,disgust,1,44
/data/stars/user/yaowang/data/MUG/data/010/disgust/take002,10,disgust,1,36
/data/stars/user/yaowang/data/MUG/data/071/sadness/take003,71,sadness,5,65
/data/stars/user/yaowang/data/MUG/data/071/sadness/take000nsg,71,sadness,5,88
/data/stars/user/yaowang/data/MUG/data/071/sadness/take001nsg,71,sadness,5,87
/data/stars/user/yaowang/data/MUG/data/071/sadness/take002,71,sadness,5,63
/data/stars/user/yaowang/data/MUG/data/071/anger/take001,71,anger,0,68
/data/stars/user/yaowang/data/MUG/data/071/anger/take002,71,anger,0,66
/data/stars/user/yaowang/data/MUG/data/071/anger/take000,71,anger,0,76
/data/stars/user/yaowang/data/MUG/data/071/fear/take001,71,fear,2,67
/data/stars/user/yaowang/data/MUG/data/071/fear/take000,71,fear,2,79
/data/stars/user/yaowang/data/MUG/data/071/fear/take002,71,fear,2,89
/data/stars/user/yaowang/data/MUG/data/071/surprise/take003,71,surprise,6,64
/data/stars/user/yaowang/data/MUG/data/071/surprise/take001,71,surprise,6,80
/data/stars/user/yaowang/data/MUG/data/071/surprise/take002,71,surprise,6,64
/data/stars/user/yaowang/data/MUG/data/071/surprise/take000,71,surprise,6,59
/data/stars/user/yaowang/data/MUG/data/071/happiness/take001,71,happiness,3,78
/data/stars/user/yaowang/data/MUG/data/071/happiness/take000,71,happiness,3,78
/data/stars/user/yaowang/data/MUG/data/071/happiness/take002,71,happiness,3,70
/data/stars/user/yaowang/data/MUG/data/071/disgust/take001,71,disgust,1,74
/data/stars/user/yaowang/data/MUG/data/071/disgust/take000,71,disgust,1,72
/data/stars/user/yaowang/data/MUG/data/071/disgust/take002,71,disgust,1,79
/data/stars/user/yaowang/data/MUG/data/075/sadness/take003,75,sadness,5,100
/data/stars/user/yaowang/data/MUG/data/075/sadness/take001,75,sadness,5,91
/data/stars/user/yaowang/data/MUG/data/075/sadness/take002,75,sadness,5,92
/data/stars/user/yaowang/data/MUG/data/075/sadness/take000,75,sadness,5,73
/data/stars/user/yaowang/data/MUG/data/075/anger/take001,75,anger,0,59
/data/stars/user/yaowang/data/MUG/data/075/anger/take002,75,anger,0,82
/data/stars/user/yaowang/data/MUG/data/075/anger/take000,75,anger,0,55
/data/stars/user/yaowang/data/MUG/data/075/fear/take003nsg,75,fear,2,92
/data/stars/user/yaowang/data/MUG/data/075/fear/take002nsg,75,fear,2,74
/data/stars/user/yaowang/data/MUG/data/075/surprise/take003,75,surprise,6,86
/data/stars/user/yaowang/data/MUG/data/075/surprise/take001,75,surprise,6,67
/data/stars/user/yaowang/data/MUG/data/075/surprise/take004,75,surprise,6,99
/data/stars/user/yaowang/data/MUG/data/075/surprise/take002,75,surprise,6,66
/data/stars/user/yaowang/data/MUG/data/075/happiness/take003,75,happiness,3,62
/data/stars/user/yaowang/data/MUG/data/075/happiness/take001,75,happiness,3,69
/data/stars/user/yaowang/data/MUG/data/075/happiness/take002,75,happiness,3,89
/data/stars/user/yaowang/data/MUG/data/075/disgust/take003,75,disgust,1,101
/data/stars/user/yaowang/data/MUG/data/075/disgust/take000,75,disgust,1,73
/data/stars/user/yaowang/data/MUG/data/075/disgust/take005,75,disgust,1,66
/data/stars/user/yaowang/data/MUG/data/075/disgust/take004,75,disgust,1,79
/data/stars/user/yaowang/data/MUG/data/075/disgust/take002,75,disgust,1,85
/data/stars/user/yaowang/data/MUG/data/043/sadness/take004nsg,43,sadness,5,73
/data/stars/user/yaowang/data/MUG/data/043/anger/take001,43,anger,0,65
/data/stars/user/yaowang/data/MUG/data/043/anger/take002,43,anger,0,64
/data/stars/user/yaowang/data/MUG/data/043/fear/take003,43,fear,2,77
/data/stars/user/yaowang/data/MUG/data/043/fear/take002,43,fear,2,68
/data/stars/user/yaowang/data/MUG/data/043/fear/take000,43,fear,2,78
/data/stars/user/yaowang/data/MUG/data/043/surprise/take001,43,surprise,6,63
/data/stars/user/yaowang/data/MUG/data/043/surprise/take000,43,surprise,6,75
/data/stars/user/yaowang/data/MUG/data/043/surprise/take002,43,surprise,6,68
/data/stars/user/yaowang/data/MUG/data/043/happiness/take003,43,happiness,3,72
/data/stars/user/yaowang/data/MUG/data/043/happiness/take001,43,happiness,3,67
/data/stars/user/yaowang/data/MUG/data/043/happiness/take002,43,happiness,3,63
/data/stars/user/yaowang/data/MUG/data/043/happiness/take000,43,happiness,3,72
/data/stars/user/yaowang/data/MUG/data/043/disgust/take001nsg,43,disgust,1,65
/data/stars/user/yaowang/data/MUG/data/043/disgust/take004,43,disgust,1,54
/data/stars/user/yaowang/data/MUG/data/063/sadness/take003nsg,63,sadness,5,70
/data/stars/user/yaowang/data/MUG/data/063/sadness/take001nsg,63,sadness,5,69
/data/stars/user/yaowang/data/MUG/data/063/anger/take001,63,anger,0,76
/data/stars/user/yaowang/data/MUG/data/063/anger/take000,63,anger,0,63
/data/stars/user/yaowang/data/MUG/data/063/anger/take002,63,anger,0,75
/data/stars/user/yaowang/data/MUG/data/063/fear/take003nsg,63,fear,2,56
/data/stars/user/yaowang/data/MUG/data/063/fear/take002nsg,63,fear,2,52
/data/stars/user/yaowang/data/MUG/data/063/surprise/take005nsg,63,surprise,6,59
/data/stars/user/yaowang/data/MUG/data/063/surprise/take004nsg,63,surprise,6,51
/data/stars/user/yaowang/data/MUG/data/063/happiness/take001,63,happiness,3,57
/data/stars/user/yaowang/data/MUG/data/063/happiness/take000,63,happiness,3,58
/data/stars/user/yaowang/data/MUG/data/063/happiness/take002,63,happiness,3,66
/data/stars/user/yaowang/data/MUG/data/063/disgust/take001,63,disgust,1,68
/data/stars/user/yaowang/data/MUG/data/063/disgust/take002,63,disgust,1,49
/data/stars/user/yaowang/data/MUG/data/063/disgust/take000,63,disgust,1,63
/data/stars/user/yaowang/data/MUG/data/034/sadness/take001,34,sadness,5,42
/data/stars/user/yaowang/data/MUG/data/034/sadness/take000,34,sadness,5,48
/data/stars/user/yaowang/data/MUG/data/034/sadness/take002,34,sadness,5,43
/data/stars/user/yaowang/data/MUG/data/034/anger/take001,34,anger,0,54
/data/stars/user/yaowang/data/MUG/data/034/anger/take000,34,anger,0,49
/data/stars/user/yaowang/data/MUG/data/034/anger/take002,34,anger,0,59
/data/stars/user/yaowang/data/MUG/data/034/fear/take001,34,fear,2,58
/data/stars/user/yaowang/data/MUG/data/034/fear/take002,34,fear,2,56
/data/stars/user/yaowang/data/MUG/data/034/fear/take000,34,fear,2,63
/data/stars/user/yaowang/data/MUG/data/034/surprise/take001end,34,surprise,6,44
/data/stars/user/yaowang/data/MUG/data/034/surprise/take000,34,surprise,6,43
/data/stars/user/yaowang/data/MUG/data/034/surprise/take004nsg,34,surprise,6,47
/data/stars/user/yaowang/data/MUG/data/034/surprise/take002,34,surprise,6,55
/data/stars/user/yaowang/data/MUG/data/034/happiness/take003,34,happiness,3,50
/data/stars/user/yaowang/data/MUG/data/034/happiness/take001,34,happiness,3,52
/data/stars/user/yaowang/data/MUG/data/034/happiness/take000,34,happiness,3,42
/data/stars/user/yaowang/data/MUG/data/034/happiness/take002,34,happiness,3,51
/data/stars/user/yaowang/data/MUG/data/034/disgust/take001end,34,disgust,1,38
/data/stars/user/yaowang/data/MUG/data/034/disgust/take000,34,disgust,1,59
/data/stars/user/yaowang/data/MUG/data/034/disgust/take002,34,disgust,1,42
/data/stars/user/yaowang/data/MUG/data/049/session0/sadness/take000,49,sadness,5,88
/data/stars/user/yaowang/data/MUG/data/049/session0/anger/take003,49,anger,0,67
/data/stars/user/yaowang/data/MUG/data/049/session0/anger/take001,49,anger,0,83
/data/stars/user/yaowang/data/MUG/data/049/session0/anger/take000,49,anger,0,75
/data/stars/user/yaowang/data/MUG/data/049/session0/anger/take002nsg,49,anger,0,69
/data/stars/user/yaowang/data/MUG/data/049/session0/fear/take001,49,fear,2,91
/data/stars/user/yaowang/data/MUG/data/049/session0/fear/take000,49,fear,2,81
/data/stars/user/yaowang/data/MUG/data/049/session0/surprise/take003nsg,49,surprise,6,63
/data/stars/user/yaowang/data/MUG/data/049/session0/surprise/take001,49,surprise,6,55
/data/stars/user/yaowang/data/MUG/data/049/session0/surprise/take000,49,surprise,6,60
/data/stars/user/yaowang/data/MUG/data/049/session0/surprise/take002,49,surprise,6,10
/data/stars/user/yaowang/data/MUG/data/049/session0/happiness/take001,49,happiness,3,68
/data/stars/user/yaowang/data/MUG/data/049/session0/happiness/take000,49,happiness,3,63
/data/stars/user/yaowang/data/MUG/data/049/session0/happiness/take002,49,happiness,3,81
/data/stars/user/yaowang/data/MUG/data/049/session0/disgust/take001,49,disgust,1,65
/data/stars/user/yaowang/data/MUG/data/049/session0/disgust/take002,49,disgust,1,68
/data/stars/user/yaowang/data/MUG/data/049/session0/disgust/take000,49,disgust,1,77
/data/stars/user/yaowang/data/MUG/data/049/session1/sadness/take001,49,sadness,5,68
/data/stars/user/yaowang/data/MUG/data/049/session1/sadness/take000,49,sadness,5,65
/data/stars/user/yaowang/data/MUG/data/049/session1/anger/take000,49,anger,0,63
/data/stars/user/yaowang/data/MUG/data/049/session1/fear/take003,49,fear,2,68
/data/stars/user/yaowang/data/MUG/data/049/session1/fear/take000nsg,49,fear,2,86
/data/stars/user/yaowang/data/MUG/data/049/session1/fear/take001nsg,49,fear,2,77
/data/stars/user/yaowang/data/MUG/data/049/session1/surprise/take000,49,surprise,6,62
/data/stars/user/yaowang/data/MUG/data/049/session1/surprise/take001nsg,49,surprise,6,65
/data/stars/user/yaowang/data/MUG/data/049/session1/surprise/take002,49,surprise,6,58
/data/stars/user/yaowang/data/MUG/data/049/session1/happiness/take000end,49,happiness,3,53
/data/stars/user/yaowang/data/MUG/data/049/session1/happiness/take003,49,happiness,3,55
/data/stars/user/yaowang/data/MUG/data/049/session1/happiness/take001end,49,happiness,3,53
/data/stars/user/yaowang/data/MUG/data/049/session1/happiness/take002,49,happiness,3,58
/data/stars/user/yaowang/data/MUG/data/049/session1/disgust/take000,49,disgust,1,66
/data/stars/user/yaowang/data/MUG/data/028/surprise/take001,28,surprise,6,74
/data/stars/user/yaowang/data/MUG/data/028/surprise/take000,28,surprise,6,60
/data/stars/user/yaowang/data/MUG/data/028/surprise/take002,28,surprise,6,74
/data/stars/user/yaowang/data/MUG/data/028/happiness/take001,28,happiness,3,62
/data/stars/user/yaowang/data/MUG/data/028/happiness/take000,28,happiness,3,65
/data/stars/user/yaowang/data/MUG/data/028/happiness/take002,28,happiness,3,60
/data/stars/user/yaowang/data/MUG/data/028/sadness/take000,28,sadness,5,56
/data/stars/user/yaowang/data/MUG/data/028/sadness/take002,28,sadness,5,61
/data/stars/user/yaowang/data/MUG/data/028/anger/take001,28,anger,0,69
/data/stars/user/yaowang/data/MUG/data/028/anger/take000,28,anger,0,73
/data/stars/user/yaowang/data/MUG/data/028/anger/take002,28,anger,0,64
/data/stars/user/yaowang/data/MUG/data/028/fear/take000,28,fear,2,88
/data/stars/user/yaowang/data/MUG/data/028/disgust/take003,28,disgust,1,66
/data/stars/user/yaowang/data/MUG/data/028/disgust/take000nsg,28,disgust,1,71
/data/stars/user/yaowang/data/MUG/data/028/disgust/take001,28,disgust,1,49
/data/stars/user/yaowang/data/MUG/data/028/disgust/take004,28,disgust,1,58
/data/stars/user/yaowang/data/MUG/data/028/disgust/take002,28,disgust,1,82
/data/stars/user/yaowang/data/MUG/data/060/surprise/take001nsg,60,surprise,6,70
/data/stars/user/yaowang/data/MUG/data/060/surprise/take000nsg,60,surprise,6,73
/data/stars/user/yaowang/data/MUG/data/060/surprise/take002nsg,60,surprise,6,66
/data/stars/user/yaowang/data/MUG/data/060/happiness/take001,60,happiness,3,61
/data/stars/user/yaowang/data/MUG/data/060/happiness/take000,60,happiness,3,67
/data/stars/user/yaowang/data/MUG/data/060/happiness/take002,60,happiness,3,58
/data/stars/user/yaowang/data/MUG/data/060/sadness/take002nsg,60,sadness,5,60
/data/stars/user/yaowang/data/MUG/data/060/anger/take000nsg,60,anger,0,82
/data/stars/user/yaowang/data/MUG/data/060/anger/take001,60,anger,0,67
/data/stars/user/yaowang/data/MUG/data/060/anger/take002,60,anger,0,58
/data/stars/user/yaowang/data/MUG/data/060/disgust/take000nsg,60,disgust,1,66
/data/stars/user/yaowang/data/MUG/data/060/disgust/take001nsg,60,disgust,1,65
/data/stars/user/yaowang/data/MUG/data/060/disgust/take002nsg,60,disgust,1,65
/data/stars/user/yaowang/data/MUG/data/046/sadness/take000nsg,46,sadness,5,118
/data/stars/user/yaowang/data/MUG/data/046/sadness/take001,46,sadness,5,106
/data/stars/user/yaowang/data/MUG/data/046/sadness/take002,46,sadness,5,84
/data/stars/user/yaowang/data/MUG/data/046/anger/take003,46,anger,0,104
/data/stars/user/yaowang/data/MUG/data/046/anger/take001,46,anger,0,112
/data/stars/user/yaowang/data/MUG/data/046/anger/take000,46,anger,0,70
/data/stars/user/yaowang/data/MUG/data/046/anger/take002,46,anger,0,110
/data/stars/user/yaowang/data/MUG/data/046/fear/take003,46,fear,2,92
/data/stars/user/yaowang/data/MUG/data/046/fear/take001,46,fear,2,93
/data/stars/user/yaowang/data/MUG/data/046/surprise/take003,46,surprise,6,102
/data/stars/user/yaowang/data/MUG/data/046/surprise/take001,46,surprise,6,108
/data/stars/user/yaowang/data/MUG/data/046/surprise/take000,46,surprise,6,94
/data/stars/user/yaowang/data/MUG/data/046/surprise/take002,46,surprise,6,90
/data/stars/user/yaowang/data/MUG/data/046/happiness/take001,46,happiness,3,107
/data/stars/user/yaowang/data/MUG/data/046/happiness/take002,46,happiness,3,110
/data/stars/user/yaowang/data/MUG/data/046/happiness/take000,46,happiness,3,98
/data/stars/user/yaowang/data/MUG/data/046/disgust/take001,46,disgust,1,99
/data/stars/user/yaowang/data/MUG/data/046/disgust/take000,46,disgust,1,87
/data/stars/user/yaowang/data/MUG/data/046/disgust/take002,46,disgust,1,106
/data/stars/user/yaowang/data/MUG/data/032/sadness/take003,32,sadness,5,79
/data/stars/user/yaowang/data/MUG/data/032/sadness/take000,32,sadness,5,96
/data/stars/user/yaowang/data/MUG/data/032/sadness/take002,32,sadness,5,75
/data/stars/user/yaowang/data/MUG/data/032/anger/take000nsg,32,anger,0,79
/data/stars/user/yaowang/data/MUG/data/032/anger/take001,32,anger,0,85
/data/stars/user/yaowang/data/MUG/data/032/anger/take002,32,anger,0,65
/data/stars/user/yaowang/data/MUG/data/032/anger/take004,32,anger,0,72
/data/stars/user/yaowang/data/MUG/data/032/fear/take001,32,fear,2,61
/data/stars/user/yaowang/data/MUG/data/032/fear/take002,32,fear,2,67
/data/stars/user/yaowang/data/MUG/data/032/fear/take000,32,fear,2,63
/data/stars/user/yaowang/data/MUG/data/032/surprise/take001,32,surprise,6,73
/data/stars/user/yaowang/data/MUG/data/032/surprise/take000,32,surprise,6,68
/data/stars/user/yaowang/data/MUG/data/032/surprise/take002,32,surprise,6,74
/data/stars/user/yaowang/data/MUG/data/032/happiness/take001,32,happiness,3,80
/data/stars/user/yaowang/data/MUG/data/032/happiness/take002,32,happiness,3,76
/data/stars/user/yaowang/data/MUG/data/032/happiness/take000,32,happiness,3,74
/data/stars/user/yaowang/data/MUG/data/032/disgust/take001nsg,32,disgust,1,52
/data/stars/user/yaowang/data/MUG/data/032/disgust/take002,32,disgust,1,59
/data/stars/user/yaowang/data/MUG/data/032/disgust/take000,32,disgust,1,58
/data/stars/user/yaowang/data/MUG/data/013/sadness/take000nsg,13,sadness,5,82
/data/stars/user/yaowang/data/MUG/data/013/sadness/take001nsg,13,sadness,5,82
/data/stars/user/yaowang/data/MUG/data/013/sadness/take002,13,sadness,5,74
/data/stars/user/yaowang/data/MUG/data/013/anger/take001,13,anger,0,69
/data/stars/user/yaowang/data/MUG/data/013/anger/take000,13,anger,0,69
/data/stars/user/yaowang/data/MUG/data/013/anger/take002,13,anger,0,65
/data/stars/user/yaowang/data/MUG/data/013/fear/take001nsg,13,fear,2,65
/data/stars/user/yaowang/data/MUG/data/013/fear/take002nsg,13,fear,2,67
/data/stars/user/yaowang/data/MUG/data/013/surprise/take000nsg,13,surprise,6,67
/data/stars/user/yaowang/data/MUG/data/013/surprise/take001,13,surprise,6,69
/data/stars/user/yaowang/data/MUG/data/013/happiness/take001,13,happiness,3,65
/data/stars/user/yaowang/data/MUG/data/013/happiness/take000,13,happiness,3,62
/data/stars/user/yaowang/data/MUG/data/013/happiness/take002,13,happiness,3,59
/data/stars/user/yaowang/data/MUG/data/013/disgust/take000end,13,disgust,1,62
/data/stars/user/yaowang/data/MUG/data/013/disgust/take003,13,disgust,1,67
/data/stars/user/yaowang/data/MUG/data/013/disgust/take001,13,disgust,1,74
/data/stars/user/yaowang/data/MUG/data/013/disgust/take002,13,disgust,1,67
/data/stars/user/yaowang/data/MUG/data/084/surprise/take003,84,surprise,6,65
/data/stars/user/yaowang/data/MUG/data/084/surprise/take001,84,surprise,6,58
/data/stars/user/yaowang/data/MUG/data/084/surprise/take000,84,surprise,6,55
/data/stars/user/yaowang/data/MUG/data/084/surprise/take004,84,surprise,6,70
/data/stars/user/yaowang/data/MUG/data/084/surprise/take002,84,surprise,6,53
/data/stars/user/yaowang/data/MUG/data/084/happiness/take001,84,happiness,3,49
/data/stars/user/yaowang/data/MUG/data/084/happiness/take000,84,happiness,3,56
/data/stars/user/yaowang/data/MUG/data/084/happiness/take002,84,happiness,3,56
/data/stars/user/yaowang/data/MUG/data/084/sadness/take001,84,sadness,5,50
/data/stars/user/yaowang/data/MUG/data/084/sadness/take000,84,sadness,5,55
/data/stars/user/yaowang/data/MUG/data/084/sadness/take002,84,sadness,5,59
/data/stars/user/yaowang/data/MUG/data/084/anger/take003,84,anger,0,51
/data/stars/user/yaowang/data/MUG/data/084/anger/take002,84,anger,0,50
/data/stars/user/yaowang/data/MUG/data/084/anger/take000,84,anger,0,46
/data/stars/user/yaowang/data/MUG/data/084/anger/take004,84,anger,0,47
/data/stars/user/yaowang/data/MUG/data/084/fear/take001,84,fear,2,65
/data/stars/user/yaowang/data/MUG/data/084/fear/take000,84,fear,2,67
/data/stars/user/yaowang/data/MUG/data/084/disgust/take003,84,disgust,1,52
/data/stars/user/yaowang/data/MUG/data/084/disgust/take001,84,disgust,1,39
/data/stars/user/yaowang/data/MUG/data/084/disgust/take002,84,disgust,1,48
/data/stars/user/yaowang/data/MUG/data/073/sadness/take001,73,sadness,5,72
/data/stars/user/yaowang/data/MUG/data/073/sadness/take002,73,sadness,5,74
/data/stars/user/yaowang/data/MUG/data/073/sadness/take000,73,sadness,5,85
/data/stars/user/yaowang/data/MUG/data/073/anger/take001,73,anger,0,66
/data/stars/user/yaowang/data/MUG/data/073/anger/take002,73,anger,0,86
/data/stars/user/yaowang/data/MUG/data/073/anger/take000,73,anger,0,74
/data/stars/user/yaowang/data/MUG/data/073/fear/take004,73,fear,2,69
/data/stars/user/yaowang/data/MUG/data/073/fear/take002,73,fear,2,72
/data/stars/user/yaowang/data/MUG/data/073/surprise/take003,73,surprise,6,58
/data/stars/user/yaowang/data/MUG/data/073/surprise/take001,73,surprise,6,57
/data/stars/user/yaowang/data/MUG/data/073/surprise/take000,73,surprise,6,10
/data/stars/user/yaowang/data/MUG/data/073/surprise/take004,73,surprise,6,67
/data/stars/user/yaowang/data/MUG/data/073/surprise/take002,73,surprise,6,73
/data/stars/user/yaowang/data/MUG/data/073/happiness/take001,73,happiness,3,74
/data/stars/user/yaowang/data/MUG/data/073/happiness/take000,73,happiness,3,72
/data/stars/user/yaowang/data/MUG/data/073/happiness/take002,73,happiness,3,58
/data/stars/user/yaowang/data/MUG/data/073/disgust/take003,73,disgust,1,52
/data/stars/user/yaowang/data/MUG/data/073/disgust/take002,73,disgust,1,53
/data/stars/user/yaowang/data/MUG/data/083/surprise/take001nsg,83,surprise,6,79
/data/stars/user/yaowang/data/MUG/data/083/surprise/take002,83,surprise,6,58
/data/stars/user/yaowang/data/MUG/data/083/surprise/take000,83,surprise,6,67
/data/stars/user/yaowang/data/MUG/data/083/happiness/take001,83,happiness,3,91
/data/stars/user/yaowang/data/MUG/data/083/happiness/take000,83,happiness,3,90
/data/stars/user/yaowang/data/MUG/data/083/sadness/take001,83,sadness,5,67
/data/stars/user/yaowang/data/MUG/data/083/sadness/take002,83,sadness,5,65
/data/stars/user/yaowang/data/MUG/data/083/sadness/take000,83,sadness,5,72
/data/stars/user/yaowang/data/MUG/data/083/anger/take003,83,anger,0,59
/data/stars/user/yaowang/data/MUG/data/083/anger/take001,83,anger,0,68
/data/stars/user/yaowang/data/MUG/data/083/anger/take000,83,anger,0,59
/data/stars/user/yaowang/data/MUG/data/083/fear/take003nsg,83,fear,2,63
/data/stars/user/yaowang/data/MUG/data/083/fear/take004nsg,83,fear,2,98
/data/stars/user/yaowang/data/MUG/data/083/disgust/take001,83,disgust,1,62
/data/stars/user/yaowang/data/MUG/data/083/disgust/take002,83,disgust,1,56
/data/stars/user/yaowang/data/MUG/data/083/disgust/take000,83,disgust,1,89
/data/stars/user/yaowang/data/MUG/data/066/surprise/take003nsg,66,surprise,6,88
/data/stars/user/yaowang/data/MUG/data/066/surprise/take000,66,surprise,6,102
/data/stars/user/yaowang/data/MUG/data/066/surprise/take001nsg,66,surprise,6,89
/data/stars/user/yaowang/data/MUG/data/066/surprise/take002,66,surprise,6,89
/data/stars/user/yaowang/data/MUG/data/066/happiness/take001,66,happiness,3,89
/data/stars/user/yaowang/data/MUG/data/066/happiness/take000,66,happiness,3,90
/data/stars/user/yaowang/data/MUG/data/066/happiness/take002,66,happiness,3,102
/data/stars/user/yaowang/data/MUG/data/066/sadness/take001,66,sadness,5,69
/data/stars/user/yaowang/data/MUG/data/066/sadness/take000,66,sadness,5,66
/data/stars/user/yaowang/data/MUG/data/066/sadness/take002,66,sadness,5,80
/data/stars/user/yaowang/data/MUG/data/066/anger/take001,66,anger,0,81
/data/stars/user/yaowang/data/MUG/data/066/anger/take000,66,anger,0,100
/data/stars/user/yaowang/data/MUG/data/066/anger/take002,66,anger,0,80
/data/stars/user/yaowang/data/MUG/data/066/fear/take000nsg,66,fear,2,111
/data/stars/user/yaowang/data/MUG/data/066/fear/take002nsg,66,fear,2,124
/data/stars/user/yaowang/data/MUG/data/066/disgust/take001,66,disgust,1,88
/data/stars/user/yaowang/data/MUG/data/066/disgust/take002,66,disgust,1,79
/data/stars/user/yaowang/data/MUG/data/066/disgust/take000,66,disgust,1,77
/data/stars/user/yaowang/data/MUG/data/042/sadness/take001,42,sadness,5,51
/data/stars/user/yaowang/data/MUG/data/042/sadness/take000,42,sadness,5,80
/data/stars/user/yaowang/data/MUG/data/042/sadness/take002,42,sadness,5,84
/data/stars/user/yaowang/data/MUG/data/042/anger/take000end,42,anger,0,87
/data/stars/user/yaowang/data/MUG/data/042/anger/take003,42,anger,0,59
/data/stars/user/yaowang/data/MUG/data/042/anger/take002end,42,anger,0,83
/data/stars/user/yaowang/data/MUG/data/042/anger/take001,42,anger,0,94
/data/stars/user/yaowang/data/MUG/data/042/fear/take003nsg,42,fear,2,64
/data/stars/user/yaowang/data/MUG/data/042/surprise/take003,42,surprise,6,65
/data/stars/user/yaowang/data/MUG/data/042/surprise/take001nsg,42,surprise,6,73
/data/stars/user/yaowang/data/MUG/data/042/surprise/take002,42,surprise,6,74
/data/stars/user/yaowang/data/MUG/data/042/surprise/take000,42,surprise,6,90
/data/stars/user/yaowang/data/MUG/data/042/happiness/take001,42,happiness,3,68
/data/stars/user/yaowang/data/MUG/data/042/happiness/take000,42,happiness,3,69
/data/stars/user/yaowang/data/MUG/data/042/happiness/take002,42,happiness,3,68
/data/stars/user/yaowang/data/MUG/data/042/disgust/take001,42,disgust,1,62
/data/stars/user/yaowang/data/MUG/data/042/disgust/take002,42,disgust,1,70
/data/stars/user/yaowang/data/MUG/data/006/sadness/take001,6,sadness,5,74
/data/stars/user/yaowang/data/MUG/data/006/anger/take003,6,anger,0,73
/data/stars/user/yaowang/data/MUG/data/006/anger/take000,6,anger,0,78
/data/stars/user/yaowang/data/MUG/data/006/fear/take001,6,fear,2,57
/data/stars/user/yaowang/data/MUG/data/006/surprise/take001,6,surprise,6,51
/data/stars/user/yaowang/data/MUG/data/006/surprise/take000,6,surprise,6,47
/data/stars/user/yaowang/data/MUG/data/006/surprise/take002,6,surprise,6,55
/data/stars/user/yaowang/data/MUG/data/006/happiness/take003,6,happiness,3,62
/data/stars/user/yaowang/data/MUG/data/006/happiness/take001,6,happiness,3,52
/data/stars/user/yaowang/data/MUG/data/006/happiness/take000,6,happiness,3,64
/data/stars/user/yaowang/data/MUG/data/006/happiness/take004,6,happiness,3,59
/data/stars/user/yaowang/data/MUG/data/006/disgust/take001,6,disgust,1,47
/data/stars/user/yaowang/data/MUG/data/006/disgust/take000,6,disgust,1,59
/data/stars/user/yaowang/data/MUG/data/006/disgust/take002,6,disgust,1,52
/data/stars/user/yaowang/data/MUG/data/038/sadness/take001,38,sadness,5,69
/data/stars/user/yaowang/data/MUG/data/038/sadness/take000,38,sadness,5,73
/data/stars/user/yaowang/data/MUG/data/038/sadness/take002,38,sadness,5,70
/data/stars/user/yaowang/data/MUG/data/038/anger/take001,38,anger,0,73
/data/stars/user/yaowang/data/MUG/data/038/anger/take002,38,anger,0,86
/data/stars/user/yaowang/data/MUG/data/038/anger/take000,38,anger,0,81
/data/stars/user/yaowang/data/MUG/data/038/fear/take005,38,fear,2,63
/data/stars/user/yaowang/data/MUG/data/038/surprise/take001,38,surprise,6,56
/data/stars/user/yaowang/data/MUG/data/038/surprise/take002,38,surprise,6,58
/data/stars/user/yaowang/data/MUG/data/038/surprise/take000,38,surprise,6,51
/data/stars/user/yaowang/data/MUG/data/038/happiness/take001,38,happiness,3,69
/data/stars/user/yaowang/data/MUG/data/038/happiness/take000,38,happiness,3,47
/data/stars/user/yaowang/data/MUG/data/038/happiness/take002,38,happiness,3,68
/data/stars/user/yaowang/data/MUG/data/038/disgust/take001nsg,38,disgust,1,61
/data/stars/user/yaowang/data/MUG/data/038/disgust/take000nsg,38,disgust,1,56
/data/stars/user/yaowang/data/MUG/data/038/disgust/take002nsg,38,disgust,1,55
/data/stars/user/yaowang/data/MUG/data/021/surprise/take001,21,surprise,6,57
/data/stars/user/yaowang/data/MUG/data/021/surprise/take000,21,surprise,6,57
/data/stars/user/yaowang/data/MUG/data/021/surprise/take002,21,surprise,6,46
/data/stars/user/yaowang/data/MUG/data/021/happiness/take001,21,happiness,3,56
/data/stars/user/yaowang/data/MUG/data/021/happiness/take000,21,happiness,3,59
/data/stars/user/yaowang/data/MUG/data/021/happiness/take002,21,happiness,3,55
/data/stars/user/yaowang/data/MUG/data/021/sadness/take003nsg,21,sadness,5,58
/data/stars/user/yaowang/data/MUG/data/021/anger/take001,21,anger,0,57
/data/stars/user/yaowang/data/MUG/data/021/anger/take000,21,anger,0,63
/data/stars/user/yaowang/data/MUG/data/021/anger/take002,21,anger,0,56
/data/stars/user/yaowang/data/MUG/data/021/fear/take003,21,fear,2,58
/data/stars/user/yaowang/data/MUG/data/021/fear/take001nsg,21,fear,2,72
/data/stars/user/yaowang/data/MUG/data/021/fear/take000,21,fear,2,55
/data/stars/user/yaowang/data/MUG/data/021/fear/take002nsg,21,fear,2,58
/data/stars/user/yaowang/data/MUG/data/021/disgust/take001,21,disgust,1,65
/data/stars/user/yaowang/data/MUG/data/021/disgust/take002,21,disgust,1,52
/data/stars/user/yaowang/data/MUG/data/021/disgust/take000,21,disgust,1,57
/data/stars/user/yaowang/data/MUG/data/052/surprise/take001,52,surprise,6,61
/data/stars/user/yaowang/data/MUG/data/052/surprise/take000,52,surprise,6,69
/data/stars/user/yaowang/data/MUG/data/052/surprise/take002,52,surprise,6,64
/data/stars/user/yaowang/data/MUG/data/052/happiness/take001,52,happiness,3,83
/data/stars/user/yaowang/data/MUG/data/052/happiness/take002,52,happiness,3,71
/data/stars/user/yaowang/data/MUG/data/052/happiness/take000,52,happiness,3,71
/data/stars/user/yaowang/data/MUG/data/052/sadness/take001,52,sadness,5,70
/data/stars/user/yaowang/data/MUG/data/052/sadness/take000,52,sadness,5,85
/data/stars/user/yaowang/data/MUG/data/052/sadness/take002,52,sadness,5,81
/data/stars/user/yaowang/data/MUG/data/052/anger/take001,52,anger,0,86
/data/stars/user/yaowang/data/MUG/data/052/anger/take002,52,anger,0,81
/data/stars/user/yaowang/data/MUG/data/052/anger/take000,52,anger,0,79
/data/stars/user/yaowang/data/MUG/data/052/fear/take000nsg,52,fear,2,88
/data/stars/user/yaowang/data/MUG/data/052/fear/take001nsg,52,fear,2,75
/data/stars/user/yaowang/data/MUG/data/052/fear/take002,52,fear,2,92
/data/stars/user/yaowang/data/MUG/data/052/disgust/take001nsg,52,disgust,1,67
/data/stars/user/yaowang/data/MUG/data/052/disgust/take000nsg,52,disgust,1,60
/data/stars/user/yaowang/data/MUG/data/052/disgust/take002,52,disgust,1,64
/data/stars/user/yaowang/data/MUG/data/062/surprise/take000nsg,62,surprise,6,56
/data/stars/user/yaowang/data/MUG/data/062/surprise/take002nsg,62,surprise,6,53
/data/stars/user/yaowang/data/MUG/data/062/happiness/take003,62,happiness,3,60
/data/stars/user/yaowang/data/MUG/data/062/happiness/take001,62,happiness,3,55
/data/stars/user/yaowang/data/MUG/data/062/happiness/take000,62,happiness,3,55
/data/stars/user/yaowang/data/MUG/data/062/happiness/take004,62,happiness,3,62
/data/stars/user/yaowang/data/MUG/data/062/happiness/take002,62,happiness,3,62
/data/stars/user/yaowang/data/MUG/data/062/anger/take003,62,anger,0,78
/data/stars/user/yaowang/data/MUG/data/062/anger/take002nsg,62,anger,0,88
/data/stars/user/yaowang/data/MUG/data/062/fear/take001nsg,62,fear,2,74
/data/stars/user/yaowang/data/MUG/data/062/fear/take002nsg,62,fear,2,69
/data/stars/user/yaowang/data/MUG/data/062/disgust/take000nsg,62,disgust,1,60
/data/stars/user/yaowang/data/MUG/data/062/disgust/take001,62,disgust,1,62
/data/stars/user/yaowang/data/MUG/data/062/disgust/take002,62,disgust,1,68
/data/stars/user/yaowang/data/MUG/data/040/sadness/take001,40,sadness,5,109
/data/stars/user/yaowang/data/MUG/data/040/sadness/take000,40,sadness,5,75
/data/stars/user/yaowang/data/MUG/data/040/sadness/take002,40,sadness,5,116
/data/stars/user/yaowang/data/MUG/data/040/anger/take001,40,anger,0,59
/data/stars/user/yaowang/data/MUG/data/040/anger/take000,40,anger,0,93
/data/stars/user/yaowang/data/MUG/data/040/anger/take002,40,anger,0,75
/data/stars/user/yaowang/data/MUG/data/040/fear/take003,40,fear,2,85
/data/stars/user/yaowang/data/MUG/data/040/fear/take001,40,fear,2,131
/data/stars/user/yaowang/data/MUG/data/040/fear/take002,40,fear,2,96
/data/stars/user/yaowang/data/MUG/data/040/fear/take004,40,fear,2,89
/data/stars/user/yaowang/data/MUG/data/040/surprise/take003,40,surprise,6,84
/data/stars/user/yaowang/data/MUG/data/040/surprise/take001,40,surprise,6,71
/data/stars/user/yaowang/data/MUG/data/040/surprise/take002,40,surprise,6,76
/data/stars/user/yaowang/data/MUG/data/040/happiness/take001,40,happiness,3,75
/data/stars/user/yaowang/data/MUG/data/040/happiness/take002,40,happiness,3,81
/data/stars/user/yaowang/data/MUG/data/040/happiness/take000,40,happiness,3,79
/data/stars/user/yaowang/data/MUG/data/040/disgust/take001,40,disgust,1,81
/data/stars/user/yaowang/data/MUG/data/040/disgust/take002,40,disgust,1,75
/data/stars/user/yaowang/data/MUG/data/040/disgust/take000,40,disgust,1,78
/data/stars/user/yaowang/data/MUG/data/014/sadness/take001,14,sadness,5,79
/data/stars/user/yaowang/data/MUG/data/014/sadness/take000,14,sadness,5,84
/data/stars/user/yaowang/data/MUG/data/014/sadness/take002,14,sadness,5,84
/data/stars/user/yaowang/data/MUG/data/014/anger/take001,14,anger,0,109
/data/stars/user/yaowang/data/MUG/data/014/anger/take002,14,anger,0,71
/data/stars/user/yaowang/data/MUG/data/014/anger/take000,14,anger,0,88
/data/stars/user/yaowang/data/MUG/data/014/fear/take000,14,fear,2,53
/data/stars/user/yaowang/data/MUG/data/014/fear/take005,14,fear,2,62
/data/stars/user/yaowang/data/MUG/data/014/surprise/take003,14,surprise,6,75
/data/stars/user/yaowang/data/MUG/data/014/surprise/take002,14,surprise,6,65
/data/stars/user/yaowang/data/MUG/data/014/surprise/take000,14,surprise,6,71
/data/stars/user/yaowang/data/MUG/data/014/surprise/take004,14,surprise,6,85
/data/stars/user/yaowang/data/MUG/data/014/happiness/take001,14,happiness,3,74
/data/stars/user/yaowang/data/MUG/data/014/happiness/take002,14,happiness,3,64
/data/stars/user/yaowang/data/MUG/data/014/happiness/take000,14,happiness,3,73
/data/stars/user/yaowang/data/MUG/data/014/disgust/take001,14,disgust,1,105
/data/stars/user/yaowang/data/MUG/data/014/disgust/take002,14,disgust,1,69
/data/stars/user/yaowang/data/MUG/data/014/disgust/take000,14,disgust,1,70
/data/stars/user/yaowang/data/MUG/data/065/surprise/take003,65,surprise,6,58
/data/stars/user/yaowang/data/MUG/data/065/surprise/take001,65,surprise,6,58
/data/stars/user/yaowang/data/MUG/data/065/surprise/take002,65,surprise,6,62
/data/stars/user/yaowang/data/MUG/data/065/happiness/take001,65,happiness,3,54
/data/stars/user/yaowang/data/MUG/data/065/happiness/take000,65,happiness,3,52
/data/stars/user/yaowang/data/MUG/data/065/happiness/take002,65,happiness,3,56
/data/stars/user/yaowang/data/MUG/data/065/sadness/take003,65,sadness,5,60
/data/stars/user/yaowang/data/MUG/data/065/anger/take003nsg,65,anger,0,62
/data/stars/user/yaowang/data/MUG/data/065/anger/take001,65,anger,0,55
/data/stars/user/yaowang/data/MUG/data/065/anger/take000,65,anger,0,64
/data/stars/user/yaowang/data/MUG/data/065/anger/take005,65,anger,0,55
/data/stars/user/yaowang/data/MUG/data/065/fear/take000nsg,65,fear,2,68
/data/stars/user/yaowang/data/MUG/data/065/fear/take001nsg,65,fear,2,55
/data/stars/user/yaowang/data/MUG/data/065/fear/take002nsg,65,fear,2,60
/data/stars/user/yaowang/data/MUG/data/065/disgust/take003,65,disgust,1,75
/data/stars/user/yaowang/data/MUG/data/065/disgust/take000,65,disgust,1,62
/data/stars/user/yaowang/data/MUG/data/065/disgust/take005,65,disgust,1,61
/data/stars/user/yaowang/data/MUG/data/065/disgust/take004,65,disgust,1,69
/data/stars/user/yaowang/data/MUG/data/044/surprise/take000nsg,44,surprise,6,114
/data/stars/user/yaowang/data/MUG/data/044/surprise/take001,44,surprise,6,139
/data/stars/user/yaowang/data/MUG/data/044/surprise/take002,44,surprise,6,159
/data/stars/user/yaowang/data/MUG/data/044/happiness/take001,44,happiness,3,157
/data/stars/user/yaowang/data/MUG/data/044/happiness/take002,44,happiness,3,144
/data/stars/user/yaowang/data/MUG/data/044/happiness/take000,44,happiness,3,133
/data/stars/user/yaowang/data/MUG/data/044/sadness/take001,44,sadness,5,123
/data/stars/user/yaowang/data/MUG/data/044/sadness/take002,44,sadness,5,117
/data/stars/user/yaowang/data/MUG/data/044/sadness/take003end,44,sadness,5,119
/data/stars/user/yaowang/data/MUG/data/044/sadness/take004,44,sadness,5,128
/data/stars/user/yaowang/data/MUG/data/044/anger/take003,44,anger,0,101
/data/stars/user/yaowang/data/MUG/data/044/anger/take001,44,anger,0,132
/data/stars/user/yaowang/data/MUG/data/044/anger/take000,44,anger,0,150
/data/stars/user/yaowang/data/MUG/data/044/anger/take002,44,anger,0,109
/data/stars/user/yaowang/data/MUG/data/044/fear/take003,44,fear,2,128
/data/stars/user/yaowang/data/MUG/data/044/fear/take001,44,fear,2,98
/data/stars/user/yaowang/data/MUG/data/044/fear/take000,44,fear,2,87
/data/stars/user/yaowang/data/MUG/data/044/fear/take002,44,fear,2,120
/data/stars/user/yaowang/data/MUG/data/044/disgust/take003,44,disgust,1,95
/data/stars/user/yaowang/data/MUG/data/044/disgust/take001,44,disgust,1,119
/data/stars/user/yaowang/data/MUG/data/044/disgust/take002,44,disgust,1,111
/data/stars/user/yaowang/data/MUG/data/044/disgust/take000,44,disgust,1,117
/data/stars/user/yaowang/data/MUG/data/077/surprise/take001,77,surprise,6,65
/data/stars/user/yaowang/data/MUG/data/077/surprise/take000,77,surprise,6,63
/data/stars/user/yaowang/data/MUG/data/077/surprise/take002nsg,77,surprise,6,68
/data/stars/user/yaowang/data/MUG/data/077/happiness/take003,77,happiness,3,59
/data/stars/user/yaowang/data/MUG/data/077/happiness/take001,77,happiness,3,61
/data/stars/user/yaowang/data/MUG/data/077/happiness/take002,77,happiness,3,58
/data/stars/user/yaowang/data/MUG/data/077/sadness/take001,77,sadness,5,92
/data/stars/user/yaowang/data/MUG/data/077/sadness/take000,77,sadness,5,56
/data/stars/user/yaowang/data/MUG/data/077/sadness/take002,77,sadness,5,59
/data/stars/user/yaowang/data/MUG/data/077/anger/take001,77,anger,0,96
/data/stars/user/yaowang/data/MUG/data/077/anger/take000,77,anger,0,71
/data/stars/user/yaowang/data/MUG/data/077/anger/take002,77,anger,0,67
/data/stars/user/yaowang/data/MUG/data/077/fear/take003nsg,77,fear,2,88
/data/stars/user/yaowang/data/MUG/data/077/disgust/take001,77,disgust,1,46
/data/stars/user/yaowang/data/MUG/data/077/disgust/take002,77,disgust,1,52
/data/stars/user/yaowang/data/MUG/data/076/sadness/take000nsg,76,sadness,5,66
/data/stars/user/yaowang/data/MUG/data/076/sadness/take001nsg,76,sadness,5,72
/data/stars/user/yaowang/data/MUG/data/076/anger/take001nsg,76,anger,0,83
/data/stars/user/yaowang/data/MUG/data/076/anger/take002nsg,76,anger,0,122
/data/stars/user/yaowang/data/MUG/data/076/fear/take001nsg,76,fear,2,87
/data/stars/user/yaowang/data/MUG/data/076/surprise/take001,76,surprise,6,62
/data/stars/user/yaowang/data/MUG/data/076/surprise/take000,76,surprise,6,66
/data/stars/user/yaowang/data/MUG/data/076/happiness/take001,76,happiness,3,54
/data/stars/user/yaowang/data/MUG/data/076/happiness/take000,76,happiness,3,61
/data/stars/user/yaowang/data/MUG/data/076/disgust/take003,76,disgust,1,91
/data/stars/user/yaowang/data/MUG/data/037/surprise/take001,37,surprise,6,59
/data/stars/user/yaowang/data/MUG/data/037/surprise/take000,37,surprise,6,60
/data/stars/user/yaowang/data/MUG/data/037/surprise/take002,37,surprise,6,62
/data/stars/user/yaowang/data/MUG/data/037/happiness/take001,37,happiness,3,62
/data/stars/user/yaowang/data/MUG/data/037/happiness/take000,37,happiness,3,86
/data/stars/user/yaowang/data/MUG/data/037/happiness/take002,37,happiness,3,58
/data/stars/user/yaowang/data/MUG/data/037/anger/take001,37,anger,0,96
/data/stars/user/yaowang/data/MUG/data/037/anger/take000,37,anger,0,94
/data/stars/user/yaowang/data/MUG/data/037/anger/take006,37,anger,0,59
/data/stars/user/yaowang/data/MUG/data/037/anger/take005,37,anger,0,178
/data/stars/user/yaowang/data/MUG/data/037/fear/take000,37,fear,2,50
/data/stars/user/yaowang/data/MUG/data/037/fear/take001nsg,37,fear,2,82
/data/stars/user/yaowang/data/MUG/data/037/fear/take002nsg,37,fear,2,83
/data/stars/user/yaowang/data/MUG/data/037/disgust/take000nsg,37,disgust,1,104
/data/stars/user/yaowang/data/MUG/data/037/disgust/take001,37,disgust,1,85
